BEGIN TRANSACTION;
CREATE TABLE "assistant_task" ("id" integer NOT NULL PRIMARY KEY AUTOINCREMENT, "task_code" varchar(15) NOT NULL UNIQUE, "intent" varchar(50) NOT NULL, "entities" text NOT NULL CHECK ((JSON_VALID("entities") OR "entities" IS NULL)), "generated_steps" text NOT NULL CHECK ((JSON_VALID("generated_steps") OR "generated_steps" IS NULL)), "risk_score" integer NULL, "status" varchar(20) NOT NULL, "employee_assignment" varchar(50) NOT NULL, "whatsapp_message" text NOT NULL, "email_message" text NOT NULL, "sms_message" varchar(160) NOT NULL, "created_at" datetime NOT NULL);
INSERT INTO "assistant_task" VALUES(1,'VN-9203A1','send_money','{"amount": "15000", "currency": "KES", "location": "Kisumu"}','["Verify user identity", "Confirm recipient details", "Initiate transfer"]',80,'Pending','Finance','Hey! We are processing your transfer to Kisumu right now. Your reference is VN-9203A1.','Dear Customer, your request to send funds to Kisumu has been initiated. Task Reference: VN-9203A1.','Vunoh: Transfer initiated. Ref: VN-9203A1','2026-04-18 10:11:34.337433');
CREATE TABLE "auth_group" ("id" integer NOT NULL PRIMARY KEY AUTOINCREMENT, "name" varchar(150) NOT NULL UNIQUE);
CREATE TABLE "auth_group_permissions" ("id" integer NOT NULL PRIMARY KEY AUTOINCREMENT, "group_id" integer NOT NULL REFERENCES "auth_group" ("id") DEFERRABLE INITIALLY DEFERRED, "permission_id" integer NOT NULL REFERENCES "auth_permission" ("id") DEFERRABLE INITIALLY DEFERRED);
CREATE TABLE "auth_permission" ("id" integer NOT NULL PRIMARY KEY AUTOINCREMENT, "content_type_id" integer NOT NULL REFERENCES "django_content_type" ("id") DEFERRABLE INITIALLY DEFERRED, "codename" varchar(100) NOT NULL, "name" varchar(255) NOT NULL);
INSERT INTO "auth_permission" VALUES(1,1,'add_logentry','Can add log entry');
INSERT INTO "auth_permission" VALUES(2,1,'change_logentry','Can change log entry');
INSERT INTO "auth_permission" VALUES(3,1,'delete_logentry','Can delete log entry');
INSERT INTO "auth_permission" VALUES(4,1,'view_logentry','Can view log entry');
INSERT INTO "auth_permission" VALUES(5,2,'add_permission','Can add permission');
INSERT INTO "auth_permission" VALUES(6,2,'change_permission','Can change permission');
INSERT INTO "auth_permission" VALUES(7,2,'delete_permission','Can delete permission');
INSERT INTO "auth_permission" VALUES(8,2,'view_permission','Can view permission');
INSERT INTO "auth_permission" VALUES(9,3,'add_group','Can add group');
INSERT INTO "auth_permission" VALUES(10,3,'change_group','Can change group');
INSERT INTO "auth_permission" VALUES(11,3,'delete_group','Can delete group');
INSERT INTO "auth_permission" VALUES(12,3,'view_group','Can view group');
INSERT INTO "auth_permission" VALUES(13,4,'add_user','Can add user');
INSERT INTO "auth_permission" VALUES(14,4,'change_user','Can change user');
INSERT INTO "auth_permission" VALUES(15,4,'delete_user','Can delete user');
INSERT INTO "auth_permission" VALUES(16,4,'view_user','Can view user');
INSERT INTO "auth_permission" VALUES(17,5,'add_contenttype','Can add content type');
INSERT INTO "auth_permission" VALUES(18,5,'change_contenttype','Can change content type');
INSERT INTO "auth_permission" VALUES(19,5,'delete_contenttype','Can delete content type');
INSERT INTO "auth_permission" VALUES(20,5,'view_contenttype','Can view content type');
INSERT INTO "auth_permission" VALUES(21,6,'add_session','Can add session');
INSERT INTO "auth_permission" VALUES(22,6,'change_session','Can change session');
INSERT INTO "auth_permission" VALUES(23,6,'delete_session','Can delete session');
INSERT INTO "auth_permission" VALUES(24,6,'view_session','Can view session');
INSERT INTO "auth_permission" VALUES(25,7,'add_task','Can add task');
INSERT INTO "auth_permission" VALUES(26,7,'change_task','Can change task');
INSERT INTO "auth_permission" VALUES(27,7,'delete_task','Can delete task');
INSERT INTO "auth_permission" VALUES(28,7,'view_task','Can view task');
CREATE TABLE "auth_user" ("id" integer NOT NULL PRIMARY KEY AUTOINCREMENT, "password" varchar(128) NOT NULL, "last_login" datetime NULL, "is_superuser" bool NOT NULL, "username" varchar(150) NOT NULL UNIQUE, "last_name" varchar(150) NOT NULL, "email" varchar(254) NOT NULL, "is_staff" bool NOT NULL, "is_active" bool NOT NULL, "date_joined" datetime NOT NULL, "first_name" varchar(150) NOT NULL);
CREATE TABLE "auth_user_groups" ("id" integer NOT NULL PRIMARY KEY AUTOINCREMENT, "user_id" integer NOT NULL REFERENCES "auth_user" ("id") DEFERRABLE INITIALLY DEFERRED, "group_id" integer NOT NULL REFERENCES "auth_group" ("id") DEFERRABLE INITIALLY DEFERRED);
CREATE TABLE "auth_user_user_permissions" ("id" integer NOT NULL PRIMARY KEY AUTOINCREMENT, "user_id" integer NOT NULL REFERENCES "auth_user" ("id") DEFERRABLE INITIALLY DEFERRED, "permission_id" integer NOT NULL REFERENCES "auth_permission" ("id") DEFERRABLE INITIALLY DEFERRED);
CREATE TABLE "django_admin_log" ("id" integer NOT NULL PRIMARY KEY AUTOINCREMENT, "object_id" text NULL, "object_repr" varchar(200) NOT NULL, "action_flag" smallint unsigned NOT NULL CHECK ("action_flag" >= 0), "change_message" text NOT NULL, "content_type_id" integer NULL REFERENCES "django_content_type" ("id") DEFERRABLE INITIALLY DEFERRED, "user_id" integer NOT NULL REFERENCES "auth_user" ("id") DEFERRABLE INITIALLY DEFERRED, "action_time" datetime NOT NULL);
CREATE TABLE "django_content_type" ("id" integer NOT NULL PRIMARY KEY AUTOINCREMENT, "app_label" varchar(100) NOT NULL, "model" varchar(100) NOT NULL);
INSERT INTO "django_content_type" VALUES(1,'admin','logentry');
INSERT INTO "django_content_type" VALUES(2,'auth','permission');
INSERT INTO "django_content_type" VALUES(3,'auth','group');
INSERT INTO "django_content_type" VALUES(4,'auth','user');
INSERT INTO "django_content_type" VALUES(5,'contenttypes','contenttype');
INSERT INTO "django_content_type" VALUES(6,'sessions','session');
INSERT INTO "django_content_type" VALUES(7,'assistant','task');
CREATE TABLE "django_migrations" ("id" integer NOT NULL PRIMARY KEY AUTOINCREMENT, "app" varchar(255) NOT NULL, "name" varchar(255) NOT NULL, "applied" datetime NOT NULL);
INSERT INTO "django_migrations" VALUES(1,'contenttypes','0001_initial','2026-04-16 23:29:53.301286');
INSERT INTO "django_migrations" VALUES(2,'auth','0001_initial','2026-04-16 23:29:53.340289');
INSERT INTO "django_migrations" VALUES(3,'admin','0001_initial','2026-04-16 23:29:53.369844');
INSERT INTO "django_migrations" VALUES(4,'admin','0002_logentry_remove_auto_add','2026-04-16 23:29:53.398113');
INSERT INTO "django_migrations" VALUES(5,'admin','0003_logentry_add_action_flag_choices','2026-04-16 23:29:53.414120');
INSERT INTO "django_migrations" VALUES(6,'assistant','0001_initial','2026-04-16 23:29:53.426551');
INSERT INTO "django_migrations" VALUES(7,'contenttypes','0002_remove_content_type_name','2026-04-16 23:29:53.452108');
INSERT INTO "django_migrations" VALUES(8,'auth','0002_alter_permission_name_max_length','2026-04-16 23:29:53.481318');
INSERT INTO "django_migrations" VALUES(9,'auth','0003_alter_user_email_max_length','2026-04-16 23:29:53.509502');
INSERT INTO "django_migrations" VALUES(10,'auth','0004_alter_user_username_opts','2026-04-16 23:29:53.519167');
INSERT INTO "django_migrations" VALUES(11,'auth','0005_alter_user_last_login_null','2026-04-16 23:29:53.548925');
INSERT INTO "django_migrations" VALUES(12,'auth','0006_require_contenttypes_0002','2026-04-16 23:29:53.557334');
INSERT INTO "django_migrations" VALUES(13,'auth','0007_alter_validators_add_error_messages','2026-04-16 23:29:53.572158');
INSERT INTO "django_migrations" VALUES(14,'auth','0008_alter_user_username_max_length','2026-04-16 23:29:53.586254');
INSERT INTO "django_migrations" VALUES(15,'auth','0009_alter_user_last_name_max_length','2026-04-16 23:29:53.603910');
INSERT INTO "django_migrations" VALUES(16,'auth','0010_alter_group_name_max_length','2026-04-16 23:29:53.622702');
INSERT INTO "django_migrations" VALUES(17,'auth','0011_update_proxy_permissions','2026-04-16 23:29:53.641746');
INSERT INTO "django_migrations" VALUES(18,'auth','0012_alter_user_first_name_max_length','2026-04-16 23:29:53.657725');
INSERT INTO "django_migrations" VALUES(19,'sessions','0001_initial','2026-04-16 23:29:53.672927');
CREATE TABLE "django_session" ("session_key" varchar(40) NOT NULL PRIMARY KEY, "session_data" text NOT NULL, "expire_date" datetime NOT NULL);
CREATE UNIQUE INDEX "auth_group_permissions_group_id_permission_id_0cd325b0_uniq" ON "auth_group_permissions" ("group_id", "permission_id");
CREATE INDEX "auth_group_permissions_group_id_b120cbf9" ON "auth_group_permissions" ("group_id");
CREATE INDEX "auth_group_permissions_permission_id_84c5c92e" ON "auth_group_permissions" ("permission_id");
CREATE UNIQUE INDEX "auth_user_groups_user_id_group_id_94350c0c_uniq" ON "auth_user_groups" ("user_id", "group_id");
CREATE INDEX "auth_user_groups_user_id_6a12ed8b" ON "auth_user_groups" ("user_id");
CREATE INDEX "auth_user_groups_group_id_97559544" ON "auth_user_groups" ("group_id");
CREATE UNIQUE INDEX "auth_user_user_permissions_user_id_permission_id_14a6b632_uniq" ON "auth_user_user_permissions" ("user_id", "permission_id");
CREATE INDEX "auth_user_user_permissions_user_id_a95ead1b" ON "auth_user_user_permissions" ("user_id");
CREATE INDEX "auth_user_user_permissions_permission_id_1fbb5f2c" ON "auth_user_user_permissions" ("permission_id");
CREATE INDEX "django_admin_log_content_type_id_c4bce8eb" ON "django_admin_log" ("content_type_id");
CREATE INDEX "django_admin_log_user_id_c564eba6" ON "django_admin_log" ("user_id");
CREATE UNIQUE INDEX "django_content_type_app_label_model_76bd3d3b_uniq" ON "django_content_type" ("app_label", "model");
CREATE UNIQUE INDEX "auth_permission_content_type_id_codename_01ab375a_uniq" ON "auth_permission" ("content_type_id", "codename");
CREATE INDEX "auth_permission_content_type_id_2f476e4b" ON "auth_permission" ("content_type_id");
CREATE INDEX "django_session_expire_date_a5c62663" ON "django_session" ("expire_date");
DELETE FROM "sqlite_sequence";
INSERT INTO "sqlite_sequence" VALUES('django_migrations',19);
INSERT INTO "sqlite_sequence" VALUES('django_admin_log',0);
INSERT INTO "sqlite_sequence" VALUES('django_content_type',7);
INSERT INTO "sqlite_sequence" VALUES('auth_permission',28);
INSERT INTO "sqlite_sequence" VALUES('auth_group',0);
INSERT INTO "sqlite_sequence" VALUES('auth_user',0);
INSERT INTO "sqlite_sequence" VALUES('assistant_task',1);
COMMIT;
